{"type":"object","title":"Java","properties":{"java.codeGeneration.toString.template":{"type":"string","default":"${object.className} [${member.name()}=${member.value}, ${otherMembers}]","description":"The template for generating the toString method."},"java.format.settings.url":{"type":"string","scope":"window","default":null,"markdownDescription":"Specifies the url or file path to the [Eclipse formatter xml settings](https:\/\/github.com\/redhat-developer\/vscode-java\/wiki\/Formatter-settings)."},"java.configuration.updateBuildConfiguration":{"scope":"window","enum":["disabled","interactive","automatic"],"type":["string"],"default":"interactive","description":"Specifies how modifications on build files update the Java classpath\/configuration"},"java.inlayHints.parameterNames.enabled":{"enumDescriptions":["Disable parameter name hints","Enable parameter name hints only for literal arguments","Enable parameter name hints for literal and non-literal arguments"],"enum":["none","literals","all"],"markdownDescription":"Enable\/disable inlay hints for parameter names:\n```java\n\nInteger.valueOf(\/* s: *\/ '123', \/* radix: *\/ 10)\n \n```\n `#java.inlayHints.parameterNames.exclusions#` can be used to disable the inlay hints for methods.","type":"string","scope":"window","default":"literals"},"java.completion.enabled":{"type":"boolean","scope":"window","description":"Enable\/disable code completion support","default":true},"java.configuration.maven.notCoveredPluginExecutionSeverity":{"scope":"window","enum":["ignore","warning","error"],"type":"string","default":"warning","description":"Specifies severity if the plugin execution is not covered by Maven build lifecycle."},"java.completion.matchCase":{"enumDescriptions":["Match case for the first letter when doing completion.","Do not match case when doing completion."],"enum":["firstLetter","off"],"markdownDescription":"Specify whether to match case for code completion.","type":"string","scope":"window","default":"firstLetter"},"java.configuration.maven.globalSettings":{"type":"string","scope":"window","description":"Path to Maven's global settings.xml","default":null},"java.references.includeAccessors":{"type":"boolean","scope":"window","description":"Include getter, setter and builder\/constructor when finding references.","default":true},"java.codeGeneration.toString.listArrayContents":{"type":"boolean","scope":"window","default":true,"description":"List contents of arrays instead of using native toString()."},"java.completion.favoriteStaticMembers":{"type":"array","scope":"window","default":["org.junit.Assert.*","org.junit.Assume.*","org.junit.jupiter.api.Assertions.*","org.junit.jupiter.api.Assumptions.*","org.junit.jupiter.api.DynamicContainer.*","org.junit.jupiter.api.DynamicTest.*","org.mockito.Mockito.*","org.mockito.ArgumentMatchers.*","org.mockito.Answers.*"],"description":"Defines a list of static members or types with static members. Content assist will propose those static members even if the import is missing."},"java.implementationsCodeLens.enabled":{"type":"boolean","scope":"window","description":"Enable\/disable the implementations code lens.","default":false},"java.sources.organizeImports.staticStarThreshold":{"scope":"window","type":"integer","description":"Specifies the number of static imports added before a star-import declaration is used.","minimum":1,"default":99},"java.codeGeneration.toString.codeStyle":{"enumDescriptions":["String concatenation","StringBuilder\/StringBuffer","StringBuilder\/StringBuffer - chained call","String.format\/MessageFormat"],"enum":["STRING_CONCATENATION","STRING_BUILDER","STRING_BUILDER_CHAINED","STRING_FORMAT"],"type":"string","default":"STRING_CONCATENATION","description":"The code style for generating the toString method."},"java.project.importHint":{"type":"boolean","scope":"application","default":true,"description":"Enable\/disable the server-mode switch information, when Java projects import is skipped on startup."},"java.codeGeneration.insertionLocation":{"enumDescriptions":["Insert the generated code after the member where the cursor is located.","Insert the generated code before the member where the cursor is located.","Insert the generated code as the last member of the target type."],"enum":["afterCursor","beforeCursor","lastMember"],"type":"string","scope":"window","default":"afterCursor","description":"Specifies the insertion location of the code generated by source actions."},"java.project.referencedLibraries":{"scope":"window","additionalProperties":false,"description":"Configure glob patterns for referencing local libraries to a Java project.","type":["array","object"],"required":["include"],"default":["lib\/**\/*.jar"],"properties":{"sources":{"type":"object"},"include":{"type":"array"},"exclude":{"type":"array"}}},"java.maven.updateSnapshots":{"type":"boolean","scope":"window","description":"Force update of Snapshots\/Releases.","default":false},"java.progressReports.enabled":{"type":"boolean","scope":"window","default":true,"description":"[Experimental] Enable\/disable progress reports from background processes on the server."},"java.import.maven.offline.enabled":{"type":"boolean","scope":"window","description":"Enable\/disable the Maven offline mode.","default":false},"java.codeGeneration.hashCodeEquals.useInstanceof":{"type":"boolean","scope":"window","default":false,"description":"Use 'instanceof' to compare types when generating the hashCode and equals methods."},"java.configuration.runtimes":{"scope":"machine-overridable","items":{"additionalProperties":false,"type":"object","required":["path","name"],"default":{},"properties":{"path":{"type":"string","description":"JDK home path. Should be the JDK installation directory, not the Java bin path.\n On Windows, backslashes must be escaped, i.e.\n\"path\":\"C:\\\\Program Files\\\\Java\\\\jdk1.8.0_161\".","pattern":".*(?<!\\\/bin|\\\/bin\\\/|\\\\bin|\\\\bin\\\\)$"},"default":{"type":"boolean","description":"Is default runtime? Only one runtime can be default."},"name":{"type":"string","enum":["J2SE-1.5","JavaSE-1.6","JavaSE-1.7","JavaSE-1.8","JavaSE-9","JavaSE-10","JavaSE-11","JavaSE-12","JavaSE-13","JavaSE-14","JavaSE-15","JavaSE-16","JavaSE-17","JavaSE-18","JavaSE-19","JavaSE-20"],"description":"Java Execution Environment name. Must be unique."},"sources":{"type":"string","description":"JDK sources path."},"javadoc":{"type":"string","description":"JDK javadoc path."}}},"type":"array","description":"Map Java Execution Environments to local JDKs.","default":[]},"java.import.maven.enabled":{"type":"boolean","scope":"window","description":"Enable\/disable the Maven importer.","default":true},"java.completion.filteredTypes":{"type":"array","scope":"window","default":["java.awt.*","com.sun.*","sun.*","jdk.*","org.graalvm.*","io.micrometer.shaded.*"],"description":"Defines the type filters. All types whose fully qualified name matches the selected filter strings will be ignored in content assist or quick fix proposals and when organizing imports. For example 'java.awt.*' will hide all types from the awt packages."},"java.import.generatesMetadataFilesAtProjectRoot":{"type":"boolean","scope":"window","default":false,"markdownDescription":"Specify whether the project metadata files(.project, .classpath, .factorypath, .settings\/) will be generated at the project root. Click [HERE](command:_java.metadataFilesGeneration) to learn how to change the setting to make it take effect."},"java.format.comments.enabled":{"type":"boolean","scope":"window","default":true,"description":"Includes the comments during code formatting."},"java.edit.validateAllOpenBuffersOnChanges":{"type":"boolean","scope":"window","markdownDescription":"Specifies whether to recheck all open Java files for diagnostics when editing a Java file.","default":false},"redhat.telemetry.enabled":{"scope":"window","markdownDescription":"Enable usage data and errors to be sent to Red Hat servers. Read our [privacy statement](https:\/\/developers.redhat.com\/article\/tool-data-collection).","type":"boolean","tags":["usesOnlineServices","telemetry"],"default":null},"java.typeHierarchy.lazyLoad":{"type":"boolean","scope":"window","description":"Enable\/disable lazy loading the content in type hierarchy. Lazy loading could save a lot of loading time but every type should be expanded manually to load its content.","default":false},"java.sharedIndexes.location":{"type":"string","scope":"window","default":"","markdownDescription":"Specifies a common index location for all workspaces. See default values as follows:\n \nWindows: First use `\"$APPDATA\\\\.jdt\\\\index\"`, or `\"~\\\\.jdt\\\\index\"` if it does not exist\n \nmacOS: `\"~\/Library\/Caches\/.jdt\/index\"`\n \nLinux: First use `\"$XDG_CACHE_HOME\/.jdt\/index\"`, or `\"~\/.cache\/.jdt\/index\"` if it does not exist"},"java.sharedIndexes.enabled":{"scope":"window","enum":["auto","on","off"],"markdownDescription":"[Experimental] Specify whether to share indexes between different workspaces. When set to `auto`, shared indexes will be enabled in Visual Studio Code - Insiders.","type":"string","default":"auto"},"java.cleanup.actionsOnSave":{"scope":"window","items":{"type":"string","enum":["qualifyMembers","qualifyStaticMembers","addOverride","addDeprecated","stringConcatToTextBlock","invertEquals","addFinalModifier","instanceofPatternMatch","lambdaExpressionFromAnonymousClass","lambdaExpression","switchExpression","tryWithResource"]},"markdownDescription":"The list of clean ups to be run on the current document when it's saved. Clean ups can automatically fix code style or programming mistakes. Click [HERE](command:_java.learnMoreAboutCleanUps) to learn more about what each clean up does.","type":"array","default":[]},"java.referencesCodeLens.enabled":{"type":"boolean","scope":"window","description":"Enable\/disable the references code lens.","default":false},"java.completion.maxResults":{"type":"integer","scope":"window","markdownDescription":"Maximum number of completion results (not including snippets).\n`0` (the default value) disables the limit, all results are returned. In case of performance problems, consider setting a sensible limit.","default":0},"java.completion.guessMethodArguments":{"enumDescriptions":["Use 'off' only when using Visual Studio Code - Insiders, other platform will defaults to 'insertBestGuessedArguments'.","Method arguments will not be inserted during completion.","The parameter names will be inserted during completion.","The best guessed arguments will be inserted during completion according to the code context."],"enum":["auto","off","insertParameterNames","insertBestGuessedArguments"],"type":["boolean","string"],"scope":"window","description":"Specify how the arguments will be filled during completion.","default":"auto"},"java.compile.nullAnalysis.nullable":{"type":"array","scope":"window","markdownDescription":"Specify the Nullable annotation types to be used for null analysis. If more than one annotation is specified, then the topmost annotation will be used first if it exists in project dependencies. This setting will be ignored if `java.compile.nullAnalysis.mode` is set to `disabled`","default":["javax.annotation.Nullable","org.eclipse.jdt.annotation.Nullable","org.springframework.lang.Nullable"]},"java.sources.organizeImports.starThreshold":{"scope":"window","type":"integer","description":"Specifies the number of imports added before a star-import declaration is used.","minimum":1,"default":99},"java.codeAction.sortMembers.avoidVolatileChanges":{"type":"boolean","scope":"window","description":"Reordering of fields, enum constants, and initializers can result in semantic and runtime changes due to different initialization and persistence order. This setting prevents this from occurring.","default":true},"java.format.onType.enabled":{"type":"boolean","scope":"window","default":true,"description":"Enable\/disable automatic block formatting when typing `;`, `<enter>` or `}`"},"java.import.exclusions":{"type":"array","scope":"window","default":["**\/node_modules\/**","**\/.metadata\/**","**\/archetype-resources\/**","**\/META-INF\/maven\/**"],"description":"Configure glob patterns for excluding folders. Use `!` to negate patterns to allow subfolders imports. You have to include a parent directory. The order is important."},"java.configuration.checkProjectSettingsExclusions":{"scope":"window","type":"boolean","deprecationMessage":"Please use 'java.import.generatesMetadataFilesAtProjectRoot' to control whether to generate the project metadata files at the project root. And use 'files.exclude' to control whether to hide the project metadata files from the file explorer.","default":false,"description":"Controls whether to exclude extension-generated project settings files (.project, .classpath, .factorypath, .settings\/) from the file explorer."},"java.jdt.ls.lombokSupport.enabled":{"type":"boolean","scope":"window","description":"Whether to load lombok processors from project classpath","default":true},"java.jdt.ls.protobufSupport.enabled":{"type":"boolean","scope":"window","markdownDescription":"Specify whether to automatically add Protobuf output source directories to the classpath.\n\n**Note:** Only works for Gradle `com.google.protobuf` plugin `0.8.4` or higher.","default":true},"java.codeGeneration.generateComments":{"type":"boolean","scope":"window","default":false,"description":"Generate method comments when generating the methods."},"java.project.encoding":{"enumDescriptions":["Ignore project encoding settings","Show warning if a project has no explicit encoding set","Set the default workspace encoding settings"],"enum":["ignore","warning","setDefault"],"markdownDescription":"Project encoding settings","scope":"window","default":"ignore"},"java.templates.typeComment":{"type":"array","default":[],"scope":"window","markdownDescription":"Specifies the type comment for new Java type. Supports configuring multi-line comments with an array of strings, and using ${variable} to reference the [predefined variables](command:_java.templateVariables)."},"java.import.gradle.home":{"type":"string","scope":"window","description":"Use Gradle from the specified local installation directory or GRADLE_HOME if the Gradle wrapper is missing or disabled and no 'java.import.gradle.version' is specified.","default":null},"java.inlayHints.parameterNames.exclusions":{"scope":"window","items":{"type":"string"},"markdownDescription":"The patterns for the methods that will be disabled to show the inlay hints. Supported pattern examples:\n - `java.lang.Math.*` - All the methods from java.lang.Math.\n - `*.Arrays.asList` - Methods named as 'asList' in the types named as 'Arrays'.\n - `*.println(*)` - Methods named as 'println'.\n - `(from, to)` - Methods with two parameters named as 'from' and 'to'.\n - `(arg*)` - Methods with one parameter whose name starts with 'arg'.","type":"array","default":[]},"java.quickfix.showAt":{"scope":"window","enum":["line","problem"],"type":"string","default":"line","description":"Show quickfixes at the problem or line level."},"java.contentProvider.preferred":{"type":"string","scope":"window","default":null,"description":"Preferred content provider (a 3rd party decompiler id, usually)"},"java.symbols.includeSourceMethodDeclarations":{"type":"boolean","scope":"window","default":false,"markdownDescription":"Include method declarations from source files in symbol search."},"java.import.gradle.offline.enabled":{"type":"boolean","scope":"window","description":"Enable\/disable the Gradle offline mode.","default":false},"java.import.maven.disableTestClasspathFlag":{"type":"boolean","scope":"window","description":"Enable\/disable test classpath segregation. When enabled, this permits the usage of test resources within a Maven project as dependencies within the compile scope of other projects.","default":false},"java.refactoring.extract.interface.replace":{"type":"boolean","default":true,"markdownDescription":"Specify whether to replace all the occurrences of the subtype with the new extracted interface."},"java.errors.incompleteClasspath.severity":{"scope":"window","enum":["ignore","info","warning","error"],"type":["string"],"default":"warning","description":"Specifies the severity of the message when the classpath is incomplete for a Java file"},"java.settings.url":{"type":"string","scope":"window","default":null,"markdownDescription":"Specifies the url or file path to the workspace Java settings. See [Setting Global Preferences](https:\/\/github.com\/redhat-developer\/vscode-java\/wiki\/Settings-Global-Preferences)"},"java.imports.gradle.wrapper.checksums":{"scope":"application","items":{"uniqueItems":true,"additionalProperties":false,"type":"object","required":["sha256"],"default":{},"properties":{"allowed":{"type":"boolean","label":"Is allowed?","default":true},"sha256":{"type":"string","label":"SHA-256 checksum."}}},"type":"array","description":"Defines allowed\/disallowed SHA-256 checksums of Gradle Wrappers","default":[]},"java.trace.server":{"scope":"window","enum":["off","messages","verbose"],"type":"string","default":"off","description":"Traces the communication between VS Code and the Java language server."},"java.server.launchMode":{"enumDescriptions":["Provides full features such as intellisense, refactoring, building, Maven\/Gradle support etc.","Starts a syntax server with lower start-up cost. Only provides syntax features such as outline, navigation, javadoc, syntax errors.","Provides full features with better responsiveness. It starts a standard language server and a secondary syntax server. The syntax server provides syntax features until the standard server is ready."],"enum":["Standard","LightWeight","Hybrid"],"type":"string","scope":"window","default":"Hybrid","description":"The launch mode for the Java extension"},"java.references.includeDecompiledSources":{"type":"boolean","scope":"window","description":"Include the decompiled sources when finding references.","default":true},"java.configuration.maven.defaultMojoExecutionAction":{"scope":"window","enum":["ignore","warn","error","execute"],"type":"string","default":"ignore","description":"Specifies default mojo execution action when no associated metadata can be detected."},"java.saveActions.organizeImports":{"type":"boolean","scope":"window","description":"Enable\/disable auto organize imports on save action","default":false},"java.project.resourceFilters":{"type":"array","scope":"window","description":"Excludes files and folders from being refreshed by the Java Language Server, which can improve the overall performance. For example, [\"node_modules\",\"\\.git\"] will exclude all files and folders named 'node_modules' or '.git'. Pattern expressions must be compatible with `java.util.regex.Pattern`. Defaults to [\"node_modules\",\"\\.git\"].","default":["node_modules","\\.git"]},"java.compile.nullAnalysis.mode":{"scope":"window","enum":["disabled","interactive","automatic"],"markdownDescription":"Specify how to enable the annotation-based null analysis.","type":"string","default":"interactive"},"java.compile.nullAnalysis.nonnull":{"type":"array","scope":"window","markdownDescription":"Specify the Nonnull annotation types to be used for null analysis. If more than one annotation is specified, then the topmost annotation will be used first if it exists in project dependencies. This setting will be ignored if `java.compile.nullAnalysis.mode` is set to `disabled`","default":["javax.annotation.Nonnull","org.eclipse.jdt.annotation.NonNull","org.springframework.lang.NonNull"]},"java.codeGeneration.toString.skipNullValues":{"type":"boolean","scope":"window","default":false,"description":"Skip null values when generating the toString method."},"java.selectionRange.enabled":{"type":"boolean","scope":"window","description":"Enable\/disable Smart Selection support for Java. Disabling this option will not affect the VS Code built-in word-based and bracket-based smart selection.","default":true},"java.codeGeneration.toString.limitElements":{"type":"integer","scope":"window","default":0,"description":"Limit number of items in arrays\/collections\/maps to list, if 0 then list all."},"java.showBuildStatusOnStart.enabled":{"scope":"window","default":"notification","anyOf":[{"enumDescriptions":["Show the build status via progress notification on start","Show the build status via terminal on start","Do not show any build status on start"],"enum":["notification","terminal","off"]},"boolean"],"description":"Automatically show build status on startup."},"java.signatureHelp.description.enabled":{"type":"boolean","scope":"window","description":"Enable\/disable to show the description in signature help.","default":false},"java.home":{"scope":"machine-overridable","type":["string","null"],"deprecationMessage":"This setting is deprecated, please use 'java.jdt.ls.java.home' instead.","default":null,"description":"Specifies the folder path to the JDK (17 or more recent) used to launch the Java Language Server.\nOn Windows, backslashes must be escaped, i.e.\n\"java.home\":\"C:\\\\Program Files\\\\Java\\\\jdk-17.0_3\""},"java.import.gradle.version":{"type":"string","scope":"window","description":"Use Gradle from the specific version if the Gradle wrapper is missing or disabled.","default":null},"java.completion.postfix.enabled":{"type":"boolean","scope":"window","markdownDescription":"Enable\/disable postfix completion support. `#editor.snippetSuggestions#` can be used to customize how postfix snippets are sorted.","default":true},"java.import.gradle.user.home":{"type":"string","scope":"window","description":"Setting for GRADLE_USER_HOME.","default":null},"java.project.importOnFirstTimeStartup":{"scope":"application","enum":["disabled","interactive","automatic"],"type":"string","default":"automatic","description":"Specifies whether to import the Java projects, when opening the folder in Hybrid mode for the first time."},"java.import.gradle.annotationProcessing.enabled":{"type":"boolean","scope":"window","description":"Enable\/disable the annotation processing on Gradle projects and delegate Annotation Processing to JDT APT. Only works for Gradle 5.2 or higher.","default":true},"java.import.gradle.jvmArguments":{"type":"string","scope":"machine","description":"JVM arguments to pass to Gradle.","default":null},"java.jdt.ls.vmargs":{"type":["string","null"],"scope":"machine-overridable","description":"Specifies extra VM arguments used to launch the Java Language Server. Eg. use `-XX:+UseParallelGC -XX:GCTimeRatio=4 -XX:AdaptiveSizePolicyWeight=90 -Dsun.zip.disableMemoryMapping=true -Xmx1G -Xms100m -Xlog:disable` to optimize memory usage with the parallel garbage collector","default":"-XX:+UseParallelGC -XX:GCTimeRatio=4 -XX:AdaptiveSizePolicyWeight=90 -Dsun.zip.disableMemoryMapping=true -Xmx1G -Xms100m -Xlog:disable"},"java.foldingRange.enabled":{"type":"boolean","scope":"window","description":"Enable\/disable smart folding range support. If disabled, it will use the default indentation-based folding range provided by VS Code.","default":true},"java.templates.fileHeader":{"type":"array","default":[],"scope":"window","markdownDescription":"Specifies the file header comment for new Java file. Supports configuring multi-line comments with an array of strings, and using ${variable} to reference the [predefined variables](command:_java.templateVariables)."},"java.jdt.ls.androidSupport.enabled":{"scope":"window","enum":["auto","on","off"],"markdownDescription":"[Experimental] Specify whether to enable Android project importing. When set to `auto`, the Android support will be enabled in Visual Studio Code - Insiders.\n\n**Note:** Only works for Android Gradle Plugin `3.2.0` or higher.","type":"string","default":"auto"},"java.eclipse.downloadSources":{"type":"boolean","scope":"window","description":"Enable\/disable download of Maven source artifacts for Eclipse projects.","default":false},"java.configuration.workspaceCacheLimit":{"scope":"application","type":["null","integer"],"default":90,"minimum":1,"description":"The number of days (if enabled) to keep unused workspace cache data. Beyond this limit, cached workspace data may be removed."},"java.format.enabled":{"type":"boolean","scope":"window","description":"Enable\/disable default Java formatter","default":true},"java.signatureHelp.enabled":{"type":"boolean","scope":"window","description":"Enable\/disable the signature help.","default":true},"java.completion.lazyResolveTextEdit.enabled":{"type":"boolean","scope":"window","description":"[Experimental] Enable\/disable lazily resolving text edits for code completion.","default":true},"java.project.outputPath":{"type":["string","null"],"scope":"window","default":"","markdownDescription":"A relative path to the workspace where stores the compiled output. `Only` effective in the `WORKSPACE` scope. The setting will `NOT` affect Maven or Gradle project."},"java.import.gradle.enabled":{"type":"boolean","scope":"window","description":"Enable\/disable the Gradle importer.","default":true},"java.configuration.maven.userSettings":{"type":"string","scope":"window","description":"Path to Maven's user settings.xml","default":null},"java.autobuild.enabled":{"type":"boolean","scope":"window","description":"Enable\/disable the 'auto build'","default":true},"java.project.sourcePaths":{"scope":"window","items":{"type":"string"},"markdownDescription":"Relative paths to the workspace where stores the source files. `Only` effective in the `WORKSPACE` scope. The setting will `NOT` affect Maven or Gradle project.","type":"array","default":[]},"java.import.gradle.arguments":{"type":"string","scope":"machine","description":"Arguments to pass to Gradle.","default":null},"java.maxConcurrentBuilds":{"scope":"window","type":"integer","default":1,"minimum":1,"description":"Max simultaneous project builds"},"java.format.settings.profile":{"type":"string","scope":"window","default":null,"description":"Optional formatter profile name from the Eclipse formatter settings."},"java.jdt.ls.java.home":{"type":["string","null"],"scope":"machine-overridable","description":"Specifies the folder path to the JDK (17 or more recent) used to launch the Java Language Server. This setting will replace the Java extension's embedded JRE to start the Java Language Server. \n\nOn Windows, backslashes must be escaped, i.e.\n\"java.jdt.ls.java.home\":\"C:\\\\Program Files\\\\Java\\\\jdk-17.0_3\"","default":null},"java.import.gradle.wrapper.enabled":{"type":"boolean","scope":"window","description":"Use Gradle from the 'gradle-wrapper.properties' file.","default":true},"java.maven.downloadSources":{"type":"boolean","scope":"window","description":"Enable\/disable download of Maven source artifacts as part of importing Maven projects.","default":false},"java.recommendations.dependency.analytics.show":{"type":"boolean","scope":"window","description":"Show the recommended Dependency Analytics extension.","default":true},"java.completion.importOrder":{"type":"array","scope":"window","default":["#","java","javax","org","com",""],"description":"Defines the sorting order of import statements. A package or type name prefix (e.g. 'org.eclipse') is a valid entry. An import is always added to the most specific group. As a result, the empty string (e.g. '') can be used to group all other imports. Static imports are prefixed with a '#'"},"java.import.gradle.java.home":{"type":"string","scope":"machine-overridable","description":"The location to the JVM used to run the Gradle daemon.","default":null},"java.codeGeneration.useBlocks":{"type":"boolean","scope":"window","default":false,"description":"Use blocks in 'if' statements when generating the methods."},"java.codeGeneration.hashCodeEquals.useJava7Objects":{"type":"boolean","scope":"window","default":false,"description":"Use Objects.hash and Objects.equals when generating the hashCode and equals methods. This setting only applies to Java 7 and higher."}}}